"sc-2e6baa30-0 href","sc-4e537b1-1","sc-a34861b-0 src","sc-4fedabc7-3","sc-ae29827d-0","sc-4e537b1-2"
"https://www.bbc.com/news/articles/cewlwkg82ggo","12 Sep 2024","https://ichef.bbci.co.uk/news/480/cpsprodpb/384e/live/771f8750-70f8-11ef-b02d-c5f3b724a1ea.jpg.webp","National debt forecast to treble over next 50 years","An ageing population, climate change and geopolitical tensions all add pressure to the public finances, a report says.","Business"
"https://www.bbc.com/news/articles/c0lw07l7p70o","7 days ago","https://ichef.bbci.co.uk/news/480/cpsprodpb/a4ca/live/8c52b690-7acd-11ef-a8be-850b207eb8c2.jpg.webp","UK economic growth 'robust' in 2024, think tank says","A think tank says it expects UK economic growth grow by 1.1%, the same rate as Canada and France.","Business"
"https://www.bbc.com/news/videos/c07n9rey929o","18 Sep 2024","https://ichef.bbci.co.uk/news/480/cpsprodpb/202e/live/fb71cac0-75af-11ef-b02d-c5f3b724a1ea.jpg.webp","Why is Turkey deepening its ties with Somalia?","The two signed a new naval deal this year after more than a decade of strategic partnership.","Africa"
"https://www.bbc.com/news/articles/cpw8wp0w29vo","13 Sep 2024","https://ichef.bbci.co.uk/news/480/cpsprodpb/d84e/live/c5c38a80-719f-11ef-9981-95a6d4a32bf2.jpg.webp","Russia accuses six British diplomats of spying","Russia's security service said they were involved in inflicting a ""strategic defeat"" on the country.","Europe"
"https://www.bbc.com/news/articles/cvg415vex37o","30 Aug 2024","https://ichef.bbci.co.uk/news/480/cpsprodpb/1229/live/a0f9ef60-66db-11ef-b43e-6916dcba5cbf.jpg.webp","Why Ethiopia is so alarmed by an Egypt-Somalia alliance","Tensions flare with the arrival of Egyptian planes in Mogadishu and the planned deployment of troops.","Africa"
"https://www.bbc.com/news/articles/cly9ypzq8qeo","13 Sep 2024","https://ichef.bbci.co.uk/news/480/cpsprodpb/fb77/live/6e882790-7194-11ef-b5fc-5368f4e1ab0b.jpg.webp","N Korea releases rare photos of Kim at uranium facility","Mr Kim called for the site to increase its production of nuclear warheads, state media said.","Asia"
"https://www.bbc.com/news/articles/cz07n5v99xmo","27 Aug 2024","https://ichef.bbci.co.uk/news/480/cpsprodpb/c89c/live/2361cf50-643d-11ef-9b63-fd68cdd291b6.jpg.webp","Shop prices fall for first time in nearly three years","Prices in August were down 0.3% from a year ago, the first fall since October 2021, a retail group says.","Business"
"https://www.bbc.com/news/articles/c8rx1vr83ldo","30 Aug 2024","https://ichef.bbci.co.uk/news/480/cpsprodpb/1292/live/91b102d0-6692-11ef-8e4a-d761e0335681.jpg.webp","France on charm offensive as New Caledonia simmers","A proposed voting reform had sparked deadly protests in the French overseas territory in May.","Europe"
"https://www.bbc.com/news/articles/c9qgy11w5dyo","23 Aug 2024","https://ichef.bbci.co.uk/news/480/cpsprodpb/e0b5/live/a956c380-6123-11ef-b970-9f202720b57a.jpg.webp","Typical household energy bill up £149 a year in October","Energy regulator Ofgem announces price changes for 27 million households in England, Wales and Scotland.","Business"
"https://www.bbc.com/news/articles/cm2n35483gmo","13 Aug 2024","https://ichef.bbci.co.uk/news/480/cpsprodpb/e66f/live/ef2eb260-5952-11ef-98d6-93f17f627cba.jpg.webp","Rising grocery prices fail to dampen wine sales","Grocery price inflation has risen for the first time since March last year, analysis by Kantar suggests.","Business"
"https://www.bbc.com/news/articles/cv2gygj1d28o","1 Aug 2024","https://ichef.bbci.co.uk/news/480/cpsprodpb/a6af/live/656e0280-4f6e-11ef-b2d2-cdb23d5d7c5b.jpg.webp","Why the world's anti-doping agency feels stuck between US and China","The world anti-doping agency says it is ""unfairly caught"" in US-China geopolitical tensions.","World"
"https://www.bbc.com/news/articles/cv2g2dx7d9wo","2 Aug 2024","https://ichef.bbci.co.uk/news/480/cpsprodpb/b779/live/473588b0-50b8-11ef-b2d2-cdb23d5d7c5b.jpg.webp","Americans freed in Russia prisoner swap reunite with families","US President Joe Biden welcomed them off the plane at Joint Base Andrews in Maryland.","World"
"https://www.bbc.com/news/articles/cm528je0yr7o","18 Jul 2024","https://ichef.bbci.co.uk/news/480/cpsprodpb/c3a7/live/7af22710-44ee-11ef-9767-09193a1b4178.jpg.webp","Iron Age hill fort was six times bigger than thought","A team of archaeologists have been carrying out survey work on Bodbury Ring, near Church Stretton.","Shropshire"
"https://www.bbc.com/news/articles/c4ngeg4r3yno","13 Jul 2024","https://ichef.bbci.co.uk/news/480/cpsprodpb/ca02/live/236ad820-402f-11ef-be4d-43e487b32d29.jpg.webp","Exploring the role of ordinary Scots during the Cold War","A new exhibition explores how Scotland was put on the frontline of a stand-off between the world's great superpowers.","Scotland"
"https://www.bbc.com/news/articles/cv2g4pjj2gwo","14 Jul 2024","https://ichef.bbci.co.uk/news/480/cpsprodpb/4d9a/live/a09b7610-4057-11ef-9909-c12337993a63.jpg.webp","What are the big security threats coming down the track?","Our BBC Security Correspondent, Frank Gardner, looks at the next foreign policy challenges for Starmer's government.","World"
"https://www.bbc.com/news/articles/ce93n7lgw5qo","8 Jul 2024","https://ichef.bbci.co.uk/news/480/cpsprodpb/a670/live/75d6e8c0-39e4-11ef-9106-7b8942fc70ac.jpg.webp","'Protectionism eroding global business' - world trade chief","The boss of the World Trade Organization warns the global economy is facing numerous challenges.","World"
"https://www.bbc.com/news/articles/c4nn1p81q59o","23 Jun 2024","https://ichef.bbci.co.uk/news/480/cpsprodpb/7abe/live/f49a2e90-314e-11ef-bdc5-41d7421c2adf.jpg.webp","A year after mutiny, Kremlin controls Wagner remnants","Moscow has effectively replaced the mercenary group's influence in Africa and Ukraine, experts say.","Europe"
"https://www.bbc.com/travel/article/20240617-why-the-us-is-the-top-country-for-tourism-in-2024","17 Jun 2024","https://ichef.bbci.co.uk/images/ic/480x270/p0j49lb9.jpg.webp","The new top nation for tourism in 2024","A new report published by the World Economic Forum highlights the nation's promotion of natural and cultural resources and commitment to sustainability and tourism.","Travel"
"https://www.bbc.com/news/articles/c511jy6z41vo","6 Jun 2024","https://ichef.bbci.co.uk/news/480/cpsprodpb/9d15/live/de39b380-2403-11ef-b479-218cd9628f98.png.webp","Eurozone cuts interest rate for first time in 5 years","The eurozone is the second major economy to cut its main lending rate this week after Canada.","Business"
"https://www.bbc.com/news/articles/cq55ek28z98o","7 Jun 2024","https://ichef.bbci.co.uk/news/480/cpsprodpb/a9d1/live/380cec00-2496-11ef-baa7-25d483663b8e.jpg.webp","Why is Nvidia boss the 'Taylor Swift of tech'?","Jensen Huang is at the forefront of an AI boom, which coincides with Nvidia's rise as a leading chip firm.","Asia"
"https://www.bbc.com/news/articles/cq55z7ynjyro","24 May 2024","https://ichef.bbci.co.uk/news/480/cpsprodpb/bba8/live/a8639380-199e-11ef-8810-7ddce6503835.jpg.webp","Google to make Pixel phones and drones in India","The tech giant is set to manufacture advanced versions of the smartphone in Tamil Nadu state.","Asia"
"https://www.bbc.com/news/articles/c144l20rnjwo","22 May 2024","https://ichef.bbci.co.uk/news/480/cpsprodpb/1da7/live/9120f550-1755-11ef-b507-edbcd7518f5c.jpg.webp","Council to ask government to 'spread out' solar farms","It also wants clarity from the government about what it means by a ""cumulative impact"" of solar farms.","Wiltshire"
"https://www.bbc.com/news/articles/cll4yl1rqymo","19 May 2024","https://ichef.bbci.co.uk/news/480/cpsprodpb/6248/live/e7176c70-1500-11ef-a915-1749a1611cb2.jpg.webp","Solar farms 'avoid quality farmland' - trade group","The government announces it is planning to tighten rules on where solar farms could be built.","Wear"
"https://www.bbc.com/news/articles/cw4dd9lzx02o","13 May 2024","https://ichef.bbci.co.uk/news/480/cpsprodpb/5ac4/live/e8d40880-113a-11ef-bee9-6125e244a4cd.jpg.webp","EU lodges complaint with Eurovision over flag ban","Banning the EU flag from Eurovision was a gift to ""the enemies of Europe"", the commission's vice-president said","Europe"
"https://www.bbc.com/news/business-47848861","22 Apr 2019","https://ichef.bbci.co.uk/news/480/cpsprodpb/16CF0/production/_106542439_gettyimages-871894546-3.jpg.webp","The next US-China battleground","As the US and China edge closer to a trade deal, analysts expect a new battle in the technology sector.","Business"
"https://www.bbc.com/news/world-asia-41842285","2 Apr 2018","https://ichef.bbci.co.uk/news/480/cpsprodpb/4C45/production/_100652591_afptaliban.jpg.webp","Is Russia arming the Afghan Taliban?","The US has accused Russia of trying to destabilise Afghanistan by supporting Taliban militants.","Asia"
"https://www.bbc.com/news/world-asia-42685466","15 Jan 2018","https://ichef.bbci.co.uk/news/480/cpsprodpb/0B22/production/_99605820_nkorchestra2.png.webp","N Korea to send orchestra to Olympics","The two Koreas are discussing the North's participation in the games - after months of tensions.","Asia"
"https://www.bbc.com/news/business-61490614","18 May 2022","https://ichef.bbci.co.uk/news/480/cpsprodpb/15298/production/_124808668_gettyimages-1054665100.jpg.webp","What will it take to get inflation under control?","UK inflation is simply not meant to rise as high as 9%, and officials face a battle to get it down.","Business"
"https://www.bbc.com/news/business-67104734","13 Oct 2023","https://ichef.bbci.co.uk/news/480/cpsprodpb/F079/production/_131416516_gettyimages-1136153634.jpg.webp","Bank boss warns world facing 'most dangerous time'","Jamie Dimon says conflicts in Ukraine and Israel may hit energy and food markets, and global trade.","Business"
"https://www.bbc.com/news/world-us-canada-60277353","7 Feb 2022","https://ichef.bbci.co.uk/news/480/cpsprodpb/15104/production/_123167268_gettyimages-1363484784.jpg.webp","The Olympic skier caught in a China-US divide","The US-born athlete representing China is provoking as much talk about her politics as her prodigious skiing.","US & Canada"
"https://www.bbc.com/news/world-middle-east-51004688","6 Jan 2020","https://ichef.bbci.co.uk/news/480/cpsprodpb/1816E/production/_110407689_mediaitem110407688.jpg.webp","Huge crowds at funeral for Iranian commander","Iran's supreme leader leads prayers for Qasem Soleimani, killed in a US drone strike on Friday.","Middle East"
"https://www.bbc.com/news/business-60554228","1 Apr 2022","https://ichef.bbci.co.uk/news/480/cpsprodpb/12CE2/production/_123462077_gettyimages-1238292148.jpg.webp","Is Europe's computer chip shortage plan too late?","The European Union is investing billions of euros in developing a world-beating chip industry.","Business"
"https://www.bbc.com/news/world-asia-china-59301167","16 Nov 2021","https://ichef.bbci.co.uk/news/480/cpsprodpb/B97F/production/_121578474_bidenxi2.jpg.webp","China warns US about 'playing with fire' on Taiwan","Xi Jinping and Joe Biden hold substantial talks but exchange sharp words on Taiwan.","China"
"https://www.bbc.com/news/world-asia-60257080","4 Feb 2022","https://ichef.bbci.co.uk/news/480/cpsprodpb/72E5/production/_123131492_putingetty.jpg.webp","China joins Russia in opposing Nato expansion","Moscow and Beijing release a statement showcasing agreement on a wide range of geopolitical issues.","Asia"
"https://www.bbc.com/news/uk-scotland-60720696","12 Mar 2022","https://ichef.bbci.co.uk/news/480/cpsprodpb/172F3/production/_123036949_gettyimages-1235149869.jpg.webp","Cold War 2: The Atlantic flank","Subsea cables and oil platforms are vulnerable to Russian spending on new submarines","Scotland"
"https://www.bbc.com/news/uk-politics-62181440","15 Jul 2022","https://ichef.bbci.co.uk/news/480/cpsprodpb/5318/production/_125927212_westminstergetty.jpg.webp","What's happening in Parliament this week?","The drama of the Tory leadership contest will dominate Parliament's final week before the summer break.","UK Politics"
"https://www.bbc.com/news/business-47250174","15 Feb 2019","https://ichef.bbci.co.uk/news/480/cpsprodpb/174A2/production/_100149359_gettyimages-84356191_crop.jpg.webp","RBS warns of Brexit harm as profits double","Profits jump at the bank, but it warns the economy faces a heightened level of Brexit uncertainty.","Business"
"https://www.bbc.com/news/business-41146396","4 Sep 2017","https://ichef.bbci.co.uk/news/480/cpsprodpb/07CD/production/_95179910_gettyimages-630843070.jpg.webp","FTSE 100 dips as N Korea fears persist","The index starts the week with a stumble amid fears over unrest in Asia, but mining stocks rise.","Business"
"https://www.bbc.com/news/world-asia-60733609","22 Mar 2022","https://ichef.bbci.co.uk/news/480/cpsprodpb/1218D/production/_123752147_jiapic3.jpg.webp","South East Asia feels economic pinch of Ukraine war","Businesses hoping to recover from Covid are feeling the effects of Russia's invasion of Ukraine.","Asia"
"https://www.bbc.com/future/article/20231010-sun-solar-geoengineering-ministry-for-the-future-kim-stanley-robinson","11 Oct 2023","https://ichef.bbci.co.uk/images/ic/480x270/p0gkm62d.jpg.webp","What if a rogue nation dimmed the Sun?","In an influential cli-fi novel, a desperate government ignores international consensus and pumps aerosols into the atmosphere to cool the world. Could it happen for real?","Future"
"https://www.bbc.com/news/business-44919973","23 Jul 2018","https://ichef.bbci.co.uk/news/480/cpsprodpb/8326/production/_102647533_gettyimages-991237454.jpg.webp","Trade row may hurt global growth, says G20","G20 ministers call for greater dialogue to reduce the risk of trade tensions hurting the world economy.","Business"
"https://www.bbc.com/news/business-51017848","7 Jan 2020","https://ichef.bbci.co.uk/news/480/cpsprodpb/1FAF/production/_110411180_gettyimages-876650584.jpg.webp","Drivers 'may be feeling effects of oil price rise'","Rising tensions between the US and Iran will drive prices higher at the pumps, the RAC says.","Business"
"https://www.bbc.com/news/uk-politics-63646635","16 Nov 2022","https://ichef.bbci.co.uk/news/480/cpsprodpb/601D/production/_127650642_sunak4reuters.jpg.webp","Sunak G20 meeting with Chinese president cancelled","No 10 blamed scheduling issues for the cancellation, as leaders react to a missile blast in Poland.","UK Politics"
"https://www.bbc.com/news/in-pictures-66885924","24 Sep 2023","https://ichef.bbci.co.uk/news/480/cpsprodpb/13E7C/production/_131223518_881bee830c6a453a637ca4ea776e7ebc5c887275.jpg.webp","Trudeau facing cold reality after lonely week on world stage","As tensions with India rise, Canada is calling its friends - but they're not answering.","US & Canada"
"https://www.bbc.com/news/world-australia-54458638","11 Oct 2020","https://ichef.bbci.co.uk/news/480/cpsprodpb/CEFF/production/_114819925_whatsappimage2020-10-09at10.18.29am.jpg.webp","The year when Australia and China hit 'lowest ebb'","Recent tensions have read like a geopolitical thriller. But with so much at stake, how will the story end?","Australia"
"https://www.bbc.com/news/world-asia-41842285","2 Apr 2018","https://ichef.bbci.co.uk/news/480/cpsprodpb/4C45/production/_100652591_afptaliban.jpg.webp","Is Russia arming the Afghan Taliban?","The US has accused Russia of trying to destabilise Afghanistan by supporting Taliban militants.","Asia"
"https://www.bbc.com/news/world-asia-65015400","21 Mar 2023","https://ichef.bbci.co.uk/news/480/cpsprodpb/00E1/production/_129052200_kishida2.jpg.webp","Japan and China visit rival capitals in Ukraine war","Both leaders are on strategic foreign visits on opposing sides of the conflict.","Asia"
"https://www.bbc.com/news/technology-53341080","11 Jul 2020","https://ichef.bbci.co.uk/news/480/cpsprodpb/5C51/production/_113333632_huaweilogoonasmartphone.png.webp","Why the UK might hang up on 'high risk' Huawei","The Chinese telecoms equipment provider's fate in the UK is set to be revealed on Tuesday.","Technology"
"https://www.bbc.com/news/business-61549155","23 May 2022","https://ichef.bbci.co.uk/news/480/cpsprodpb/CB4F/production/_124874025_millionaireprotest.jpg.webp","Millionaires at Davos say 'tax us more'","At the annual meeting of the business and political elites, wealthy attendees call for fairer tax.","Business"
"https://www.bbc.com/news/world-us-canada-52506073","1 May 2020","https://ichef.bbci.co.uk/news/480/cpsprodpb/BAA1/production/_112077774_trump_china2_976getty.jpg.webp","What's behind Trump's new strategy on China?","Tensions between US and China are longstanding but the virus and a US election have amplified the war of words.","US & Canada"
"https://www.bbc.com/news/world-asia-india-66725790","6 Sep 2023","https://ichef.bbci.co.uk/news/480/cpsprodpb/17D8F/production/_130997679_gettyimages-1620323216.jpg.webp","US urges China not to 'play spoiler' at G20","Jake Sullivan's remarks came after China confirmed that Xi Jinping will skip the summit in Delhi.","India"
"https://www.bbc.com/news/technology-64906881","9 Mar 2023","https://ichef.bbci.co.uk/news/480/cpsprodpb/A3BA/production/_128941914_gettyimages-1470268016-1.jpg.webp","Danish journalists are advised not to use TikTok","Journalists needing access to the app for research must ask for permission to use special ""TikTok phones"".","Technology"
"https://www.bbc.com/news/world-asia-china-32234448","10 Apr 2015","https://ichef.bbci.co.uk/images/ic/512x512/p0hq72jn.png.webp","China 'using sheer size' in sea row","The US fears China is using ""sheer size"" to strong-arm nations over the South China Sea, President Obama says, amid concern over land reclamation.","China"
"https://www.bbc.com/news/world-europe-54868002","9 Nov 2020","https://ichef.bbci.co.uk/news/480/cpsprodpb/258C/production/_115321690_mediaitem115321689.jpg.webp","What does Biden win mean for Brexit Britain and Europe?","Joe Biden's domestic in-tray means neither a UK trade deal nor EU relations will be top priority.","Europe"
"https://www.bbc.com/news/world-asia-china-44399773","10 Jun 2018","https://ichef.bbci.co.uk/news/480/cpsprodpb/FAAB/production/_101917146_gettyimages-615320300.jpg.webp","Nixon in China: Lessons for North Korea?","Yuwen Wu, who was in Beijing in 1972, reflects on a meeting with parallels to the Trump-Kim summit.","China"
"https://www.bbc.com/news/world-asia-65015400","21 Mar 2023","https://ichef.bbci.co.uk/news/480/cpsprodpb/00E1/production/_129052200_kishida2.jpg.webp","Japan and China visit rival capitals in Ukraine war","Both leaders are on strategic foreign visits on opposing sides of the conflict.","Asia"
"https://www.bbc.com/news/world-asia-china-60174238","31 Jan 2022","https://ichef.bbci.co.uk/news/480/cpsprodpb/EBF6/production/_123060406_china_great_hall_of_the_people_getty.jpg.webp","China media freedom declining at 'breakneck speed'","Foreign journalists in China are facing physical assaults, hacking, and trolling according to a report.","China"
"https://www.bbc.com/news/world-asia-china-42834609","26 Jan 2018","https://ichef.bbci.co.uk/news/480/cpsprodpb/3A08/production/_99765841_india_hasimara_640-nc.png.webp","New images show Doklam plateau build-up","The two sides seem to be building up their ground forces in the disputed border area.","Asia"
"https://www.bbc.com/news/business-62747401","1 Sep 2022","https://ichef.bbci.co.uk/news/480/cpsprodpb/1120/production/_126548340_gettyimages-1232958237.jpg.webp","US chip makers hit by new China export rule","Nvidia says two of its top computer chips were affected by a new licence requirement for exporting to China.","Business"
"https://www.bbc.com/news/world-asia-42550446","3 Jan 2018","https://ichef.bbci.co.uk/news/480/cpsprodpb/4244/production/_99446961_e8bb3afc-baf0-434d-89b4-f26bb56a3a02.jpg.webp","Will N Korea compete in Winter Olympics?","Michael Madden examines what's happening behind the scenes to get North Korea to the Games.","Asia"
"https://www.bbc.com/news/world-europe-60292437","8 Feb 2022","https://ichef.bbci.co.uk/news/480/cpsprodpb/1777F/production/_123172169_gettyimages-1369208445.jpg.webp","US will end Russian pipeline if Ukraine invaded","US President Joe Biden vows to shut down a key Russian pipeline to Germany if Russia invades Ukraine.","Europe"
"https://www.bbc.com/news/business-60672278","11 Mar 2022","https://ichef.bbci.co.uk/news/480/cpsprodpb/D7B6/production/_123622255_gettyimages-1238984166.jpg.webp","How Asia is divided over Russia sanctions","Asian nations who joined western-led sanctions make up only 8% of Russia's global trade.","Business"
"https://www.bbc.com/news/business-56121470","19 Feb 2021","https://ichef.bbci.co.uk/news/480/cpsprodpb/15E80/production/_117082798_gettyimages-1226000684.jpg.webp","Huawei turns to pig farming as smartphone sales fall","The Chinese telecoms giant is also pivoting into coal mining technology amid US sanctions on its phones.",""
"https://www.bbc.com/news/business-54172703","16 Sep 2020","https://ichef.bbci.co.uk/news/480/cpsprodpb/2273/production/_114391880_gettyimages-1197218550.jpg.webp","Singapore becoming hub for China's tech giants","Technology firms Tencent and Alibaba are among those expanding operations amid US-China tensions.","Business"
"https://www.bbc.com/news/technology-52797859","26 May 2020","https://ichef.bbci.co.uk/news/480/cpsprodpb/15B19/production/_112475888_huawei.jpg.webp","What would happen if the UK ditched Huawei?","Officials are taking another look into Huawei, but the Chinese firm warns against a 5G ban.","Technology"
"https://www.bbc.com/news/world-europe-50335257","7 Nov 2019","https://ichef.bbci.co.uk/news/480/cpsprodpb/E5FC/production/_109567885_mediaitem109567883.jpg.webp","Nato alliance is brain dead, says Macron","The French president laments a lack of commitment by the United States, Nato's main guarantor.","Europe"
"https://www.bbc.com/news/business-65886658","16 Jun 2023","https://ichef.bbci.co.uk/news/480/cpsprodpb/B4B4/production/_130106264_swdzx0_y.jpg.webp","iPhone maker to shift to cars as US-China ties sour","Foxconn, which makes over half of the world’s Apple products, seeks its next big growth driver.","Business"
"https://www.bbc.com/news/uk-65159681","3 Apr 2023","https://ichef.bbci.co.uk/news/480/cpsprodpb/3921/production/_129252641_indeximage.jpg.webp","Sunak on 'woke politics' and a big win for Comer","DIGIONLY",""
"https://www.bbc.com/sport/football/55216193","15 Dec 2020","https://ichef.bbci.co.uk/news/480/cpsprodpb/CB8E/production/_116101125_usa_iran_gett_promyb.png.webp","The friendly match that needed a no-fly zone","Two years after their historic World Cup match, USA and Iran met again in 2000. It was supposed to build bridges - but not everything went to plan.","Football"
"https://www.bbc.com/news/business-60680787","10 Mar 2022","https://ichef.bbci.co.uk/news/480/cpsprodpb/6682/production/_123624262_gettyimages-1282256732-612x612.jpg.webp","Oil price rises due to fears over Russian shortfall","There is confusion over whether major oil producers will help to plug a gap in supplies from Russia.","Business"
"https://www.bbc.com/news/uk-politics-65274013","14 Apr 2023","https://ichef.bbci.co.uk/news/480/cpsprodpb/16252/production/_129360709_gettyimages-1251759139.jpg.webp","What's happening in Parliament next week?","MPs will debate measures in the Budget, while the next stage of a controversial Brexit bill is postponed.","UK Politics"
"https://www.bbc.com/news/world-us-canada-66856568","19 Sep 2023","https://ichef.bbci.co.uk/news/480/cpsprodpb/EBE8/production/_131129306_sunak_biden_getty.png.webp","Why Western nations fear India-Canada row","India is the fifth largest economy and is seen by the West as a key partner against China.","US & Canada"
"https://www.bbc.com/news/world-europe-45428008","6 Sep 2018","https://ichef.bbci.co.uk/news/480/cpsprodpb/EBFB/production/_103311406_tv043459389.jpg.webp","EU banks on last minute Brexit deal","Brussels is in full bustle again after the summer lull, the BBC's Europe Editor Katya Adler writes.","Europe"
"https://www.bbc.com/news/world-asia-china-62438262","6 Aug 2022","https://ichef.bbci.co.uk/news/480/cpsprodpb/1333B/production/_126215687_hi077814228.jpg.webp","China halts co-operation with US on key issues","Beijing has reacted angrily after senior US Democrat Nancy Pelosi visited Taiwan earlier this week.","China"
"https://www.bbc.com/news/world-europe-50729110","14 Dec 2019","https://ichef.bbci.co.uk/news/480/cpsprodpb/5A7B/production/_110136132_gettyimages-926655300.jpg.webp","Vladimir Putin: 20 years in 20 photos","We look at 20 photographs of the former KGB agent, who became Russia's president in 1999.","Europe"
"https://www.bbc.com/news/world-us-canada-53622799","1 Aug 2020","https://ichef.bbci.co.uk/news/480/cpsprodpb/4099/production/_113773561_76e19623-a297-472c-ade1-d958c3c7bf64.jpg.webp","TikTok hits back after Trump threatens US ban","US General Manager Vanessa Pappas defends the Chinese-owned app as President Trump threatens to ban it.","US & Canada"
"https://www.bbc.com/news/uk-scotland-north-east-orkney-shetland-50302287","5 Nov 2019","https://ichef.bbci.co.uk/news/480/cpsprodpb/0A31/production/_105890620_34a4c428-cd8f-4fe0-b5fb-9a1f97133cb7.jpg.webp","Economy in north east 'can grow steadily'","The Aberdeen and Aberdeenshire economies could grow by 1.5% annually between 2018 and 2028, a report says.","NE Scotland, Orkney & Shetland"
"https://www.bbc.com/news/business-63920063","9 Dec 2022","https://ichef.bbci.co.uk/news/480/cpsprodpb/3132/production/_127949521_whatsubject.jpg.webp","WTO says Trump's steel tariffs broke trade rules","The US said it disagreed with the ruling and would not remove the border taxes.","Business"
"https://www.bbc.com/news/world-us-canada-53622799","1 Aug 2020","https://ichef.bbci.co.uk/news/480/cpsprodpb/4099/production/_113773561_76e19623-a297-472c-ade1-d958c3c7bf64.jpg.webp","TikTok hits back after Trump threatens US ban","US General Manager Vanessa Pappas defends the Chinese-owned app as President Trump threatens to ban it.","US & Canada"
"https://www.bbc.com/news/world-europe-45428008","6 Sep 2018","https://ichef.bbci.co.uk/news/480/cpsprodpb/EBFB/production/_103311406_tv043459389.jpg.webp","EU banks on last minute Brexit deal","Brussels is in full bustle again after the summer lull, the BBC's Europe Editor Katya Adler writes.","Europe"
"https://www.bbc.com/news/world-asia-china-62438262","6 Aug 2022","https://ichef.bbci.co.uk/news/480/cpsprodpb/1333B/production/_126215687_hi077814228.jpg.webp","China halts co-operation with US on key issues","Beijing has reacted angrily after senior US Democrat Nancy Pelosi visited Taiwan earlier this week.","China"
"https://www.bbc.com/news/world-asia-47255560","17 Feb 2019","https://ichef.bbci.co.uk/news/480/cpsprodpb/17F3C/production/_105680189_2513ab25-4a4a-4ec8-a907-cc55cab3ab42.jpg.webp","Pakistan rolls out red carpet for Saudi prince","Imran Khan needs Saudi money to stave off an economic bail-out - but this is not a one-way relationship.","Asia"
"https://www.bbc.com/news/business-40902805","11 Aug 2017","https://ichef.bbci.co.uk/news/480/cpsprodpb/5D51/production/_86498832_ftsetrader_getty.jpg.webp","Shares hit by US-North Korea tensions","The UK stock market falls 1.1% as investors look for safer assets.","Business"
"https://www.bbc.com/news/world-europe-59087189","2 Nov 2021","https://ichef.bbci.co.uk/news/480/cpsprodpb/3B5F/production/_121299151_gettyimages-1337263320.jpg.webp","Soaring energy costs cut deep in Spain","Spain is less connected to the international grid than other EU countries and prices are surging.","Europe"
"https://www.bbc.com/news/technology-42338716","30 Dec 2017","https://ichef.bbci.co.uk/news/480/cpsprodpb/60DF/production/_96699742_databreachimage.gif.webp","If 2017 was 'cyber-geddon', what will 2018 bring?","Experts fear we will see even more aggressive and widespread cyber-attacks in 2018.","Technology"
"https://www.bbc.com/news/world-us-canada-56423036","17 Mar 2021","https://ichef.bbci.co.uk/news/480/cpsprodpb/9648/production/_116827483_mediaitem116827479.jpg.webp","What the US really wants from the China talks","The US hopes that this week's meeting can reset Sino-American relations from 'a position of strength'","US & Canada"
"https://www.bbc.com/news/world-asia-63678601","13 Dec 2022","https://ichef.bbci.co.uk/news/480/cpsprodpb/98F6/production/_127985193_gettyimages-1244793500.jpg.webp","Why Taiwanese are among Ukraine's foreign fighters","A small number of people, who see parallels with their island's situation, have travelled to fight.","Asia"
"https://www.bbc.com/news/business-63834755","4 Dec 2022","https://ichef.bbci.co.uk/news/480/cpsprodpb/68E8/production/_127865862_enelsolargettyimages-1372432500.jpg.webp","Cutting energy prices will take years - power boss","The head of energy giant Enel says renewables are key to getting prices back to pre-Ukraine war levels.","Business"
"https://www.bbc.com/news/uk-scotland-60720696","12 Mar 2022","https://ichef.bbci.co.uk/news/480/cpsprodpb/172F3/production/_123036949_gettyimages-1235149869.jpg.webp","Cold War 2: The Atlantic flank","Subsea cables and oil platforms are vulnerable to Russian spending on new submarines","Scotland"
"https://www.bbc.com/news/business-50255191","12 Nov 2019","https://ichef.bbci.co.uk/news/480/cpsprodpb/3F8D/production/_109496261_gettyimages-535141582.jpg.webp","Is China gaining an edge in artificial intelligence?","The US-China over artificial intelligence is heating up, but some warn the US could be over-reacting.","Business"
"https://www.bbc.com/news/world-us-canada-53970246","12 Sep 2020","https://ichef.bbci.co.uk/news/480/cpsprodpb/9199/production/_114337273_41694e7c-8bae-4fa8-a954-d8bde0365e15.jpg.webp","I read all those Trump tell-alls. Here's what I learned","With yet more books offering fresh info on Trump, what do you get when you take them together?","US & Canada"
"https://www.bbc.com/news/election-us-2020-54472696","8 Nov 2020","https://ichef.bbci.co.uk/news/480/cpsprodpb/D55F/production/_114932645_biden_976getty.jpg.webp","How will Biden change US foreign policy?","The world according to the president-elect is a much more traditional take on the US role.","US Election 2020"
"https://www.bbc.com/news/business-44919973","23 Jul 2018","https://ichef.bbci.co.uk/news/480/cpsprodpb/8326/production/_102647533_gettyimages-991237454.jpg.webp","Trade row may hurt global growth, says G20","G20 ministers call for greater dialogue to reduce the risk of trade tensions hurting the world economy.","Business"
"https://www.bbc.com/news/business-49230568","5 Aug 2019","https://ichef.bbci.co.uk/news/480/cpsprodpb/E6E5/production/_108190195_reuters.jpg.webp","HSBC boss out in top-level reshuffle","The bank gave no specific reason for John Flint's surprise departure after 18 months in the role.","Business"
"https://www.bbc.com/news/world-asia-49330531","2 Dec 2019","https://ichef.bbci.co.uk/news/480/cpsprodpb/4A38/production/_108300091_tv055475871.jpg.webp","Why South Korea and Japan have fallen out","The nations share a complicated history, tied to atrocities committed when Japan colonised Korea.","Asia"
"https://www.bbc.com/news/business-40998065","21 Aug 2017","https://ichef.bbci.co.uk/news/480/cpsprodpb/128B2/production/_86245957_lse3_getty.jpg.webp","FTSE 100 dips as finance stocks slump","The benchmark share index finishes slightly lower after a choppy day of trading.","Business"
"https://www.bbc.com/news/business-63149044","6 Oct 2022","https://ichef.bbci.co.uk/news/480/cpsprodpb/FCBA/production/_126989646_gettyimages-1171746370.jpg.webp","Petrol price rise warning after oil output cut","Major oil producers including Saudi Arabia will pump less, raising fears of higher fuel prices.","Business"
"https://www.bbc.com/news/business-43797068","17 Apr 2018","https://ichef.bbci.co.uk/news/480/cpsprodpb/E395/production/_100916285_zte.3d.stand.jpg.webp","Should the West suspect Chinese tech?","The US says national security concerns justify sanctions on Chinese tech firm ZTE.","Business"
"https://www.bbc.com/news/business-45957674","23 Oct 2018","https://ichef.bbci.co.uk/news/480/cpsprodpb/3804/production/_99404341_afpstockexchange.jpg.webp","US markets pick up amid global sell-off","The three major US indexes recover most of their losses by the end of trading.","Business"
"https://www.bbc.com/news/uk-scotland-scotland-business-64234091","11 Jan 2023","https://ichef.bbci.co.uk/news/480/cpsprodpb/8A60/production/_128242453_gettyimages-1236443599.jpg.webp","Energy transition - a complex challenge","The Scottish government has now set out its strategy for getting us to net zero in the next 22 years.","Scotland business"
"https://www.bbc.com/news/stories-54695598","27 Oct 2020","https://ichef.bbci.co.uk/news/480/cpsprodpb/E81A/production/_115081495_qianxuesen-1.jpg.webp","The man the US deported, who then helped China into space","A Chinese rocket scientist helped two superpowers reach the moon, but his story is remembered in only one of them.","Stories"
"https://www.bbc.com/news/world-asia-40643413","27 Jul 2017","https://ichef.bbci.co.uk/news/480/cpsprodpb/4A73/production/_97095091_mediaitem97095005.jpg.webp","Partition 70 years on: The turmoil, trauma - and legacy","Seventy years after India and Pakistan won their independence, why are relations still tense?","Asia"
"https://www.bbc.com/news/uk-66038467","28 Jun 2023","https://ichef.bbci.co.uk/news/480/cpsprodpb/12E1E/production/_130224377_index-nc.png.webp","Hancock before Covid Inquiry and doctors to strike","DIGIONLY",""
"https://www.bbc.com/news/business-40902805","11 Aug 2017","https://ichef.bbci.co.uk/news/480/cpsprodpb/5D51/production/_86498832_ftsetrader_getty.jpg.webp","Shares hit by US-North Korea tensions","The UK stock market falls 1.1% as investors look for safer assets.","Business"
"https://www.bbc.com/news/business-40998065","21 Aug 2017","https://ichef.bbci.co.uk/news/480/cpsprodpb/128B2/production/_86245957_lse3_getty.jpg.webp","FTSE 100 dips as finance stocks slump","The benchmark share index finishes slightly lower after a choppy day of trading.","Business"
"https://www.bbc.com/news/world-asia-india-43904086","26 Apr 2018","https://ichef.bbci.co.uk/news/480/cpsprodpb/16EC6/production/_101049839_gettyimages-82119247.jpg.webp","Viewpoint: Why is Modi meeting Xi now?","Analyst Shashank Joshi explains why the two Asian giants have decided to ease tension.","India"
"https://www.bbc.com/news/technology-51613577","24 Feb 2020","https://ichef.bbci.co.uk/news/480/cpsprodpb/178F/production/_111013060_huawei_google_play_976.jpg.webp","Google warns Huawei owners not to install its apps","The Android owner says circumventing the Huawei ban is a major security risk.","Technology"
"https://www.bbc.com/news/uk-politics-63646635","16 Nov 2022","https://ichef.bbci.co.uk/news/480/cpsprodpb/601D/production/_127650642_sunak4reuters.jpg.webp","Sunak G20 meeting with Chinese president cancelled","No 10 blamed scheduling issues for the cancellation, as leaders react to a missile blast in Poland.","UK Politics"
"https://www.bbc.com/news/world-europe-52137908","3 Apr 2020","https://ichef.bbci.co.uk/news/480/cpsprodpb/17C6F/production/_111519379_coronarususajfknygetty1apr2.jpg.webp","What does ‘from Russia with love’ really mean?","Russian aid for Italy and the US helps Russia's image - and pro-Kremlin media make much of it.","Europe"
"https://www.bbc.com/future/article/20210829-the-aircraft-that-opened-up-antarctica","31 Aug 2021","https://ichef.bbci.co.uk/images/ic/480x270/p09tk2ls.jpg.webp","The planes that conquered Antarctica","Flying on the coldest continent on Earth is a dangerous business, but without aircraft we would still know relatively little about Antarctica and life there would be impossible.","Future"
"https://www.bbc.com/travel/article/20230501-regan-vest-inside-denmarks-secret-nuclear-bunker","2 May 2023","https://ichef.bbci.co.uk/images/ic/480x270/p0fjspf5.jpg.webp","A Cold War time capsule is now open","A top-secret atomic bunker has opened to the public in Denmark. Built to withstand a nuclear attack, it's now an astonishing subterranean museum that sheds light on Cold War paranoia.","Travel"
"https://www.bbc.com/culture/article/20190314-how-brexit-changed-the-english-language","14 Mar 2019","https://ichef.bbci.co.uk/images/ic/480x270/p073kjcc.jpg.webp","How Brexit changed the English language","From ‘Bremain’ and ‘Bregret’ to ‘Euro-Fudge’, Christine Ro takes a look at the new phrases and expressions coined by a referendum.","Culture"
"https://www.bbc.com/culture/article/20190620-picasso-the-ultimate-painter-of-war","20 Jun 2019","https://ichef.bbci.co.uk/images/ic/480x270/p07dn833.jpg.webp","The ultimate painter of war?","Picasso’s Guernica is seen as one of the most iconic paintings of military conflict – yet as a new exhibition in Paris reveals, the artist created many more.","Culture"
"https://www.bbc.com/culture/article/20170515-a-passport-from-a-country-that-doesnt-exist","16 May 2017","https://ichef.bbci.co.uk/images/ic/480x270/p0531j4w.jpg.webp","Get a passport from this fake country","The NSK has invented a nation as a work of art – and its pavilion at the Venice Biennale has much to say about statehood and globalisation, writes Benjamin Ramm.","Culture"
"https://www.bbc.com/future/article/20210323-the-factories-turning-west-africas-fish-into-powder","23 Mar 2021","https://ichef.bbci.co.uk/images/ic/480x270/p09bh7s9.jpg.webp","The fish being turned into powder","Chinese-run factories are turning huge amounts of The Gambia’s fish stocks into fishmeal for aquaculture. But are they taking too much, too quickly?","Future"
"https://www.bbc.com/travel/article/20171105-the-us-canada-border-runs-through-this-tiny-library","6 Nov 2017","https://ichef.bbci.co.uk/images/ic/480x270/p05lzcc8.jpg.webp","A town split between two countries","The Haskell library straddles two nations, with one foot in the US and the other in Canada.","Travel"
"https://www.bbc.com/culture/article/20140509-geopolitics-and-drag-queens","21 Oct 2014","https://ichef.bbci.co.uk/images/ic/512x512/p0hq72jn.png.webp","What is Eurovision really about?","The Eurovision Song Contest brings together world affairs and shiny pop. BBC Culture picks five of its more bizarre motifs.","Culture"
"https://www.bbc.com/news/world-europe-67861266","2 Jan 2024","https://ichef.bbci.co.uk/news/480/cpsprodpb/18162/production/_132185689_gettyimages-1749868683.jpg.webp","What is behind Turkey's staunch support for Hamas in Gaza?","Turkey has vociferously criticised Israel during the Gaza war, risking recently rebuilt relations.","Europe"
"https://www.bbc.com/news/world-asia-65241432","11 Apr 2023","https://ichef.bbci.co.uk/news/480/cpsprodpb/17D38/production/_129329579_gettyimages-1251484164.jpg.webp","Taiwan bear badge punches back after China drills","The badge depicts a Taiwanese black bear punching Winnie the Pooh, who often symbolises Xi Jinping.","Asia"
"https://www.bbc.com/news/world-us-canada-64507225","3 Feb 2023","https://ichef.bbci.co.uk/news/480/cpsprodpb/4CCC/production/_128506691_b03b473bf844459e894e065fbe19db642b30afe30_0_1036_9971000x962.jpg.webp","Suspected Chinese spy balloon tracked across US","Officials decided against shooting it down due to the danger of falling debris from the ""sizeable"" device.","US & Canada"
"https://www.bbc.com/news/world-asia-18765094","9 Jul 2012","https://ichef.bbci.co.uk/images/ic/512x512/p0hq72jn.png.webp","South China Sea tops Asean agenda","Tension in the South China Sea is expected to top the agenda for a regional Asean forum in Cambodia, with the US secretary of state joining talks.","Asia"
"https://www.bbc.com/culture/article/20190314-how-brexit-changed-the-english-language","14 Mar 2019","https://ichef.bbci.co.uk/images/ic/480x270/p073kjcc.jpg.webp","How Brexit changed the English language","From ‘Bremain’ and ‘Bregret’ to ‘Euro-Fudge’, Christine Ro takes a look at the new phrases and expressions coined by a referendum.","Culture"
"https://www.bbc.com/news/world-africa-44981490","29 Jul 2018","https://ichef.bbci.co.uk/news/480/cpsprodpb/112C6/production/_102724307_e4fe6c20-f21b-42e4-bf81-0c17aa6d9c4a.jpg.webp","Why Ethiopia is grieving for 'hero' dam engineer","Simegnew Bekele came to represent the patriotic hopes for the entire nation with his project to dam the Nile.","Africa"
"https://www.bbc.com/news/world-africa-45447888","7 Sep 2018","https://ichef.bbci.co.uk/news/480/cpsprodpb/5931/production/_103333822_e4fe6c20-f21b-42e4-bf81-0c17aa6d9c4a.jpg.webp","Top Ethiopian engineer 'took his own life'","Simegnew Bekele's death sparked a huge outcry in July as some suspected that he had been murdered.","Africa"
"https://www.bbc.com/news/world-europe-67861266","2 Jan 2024","https://ichef.bbci.co.uk/news/480/cpsprodpb/18162/production/_132185689_gettyimages-1749868683.jpg.webp","What is behind Turkey's staunch support for Hamas in Gaza?","Turkey has vociferously criticised Israel during the Gaza war, risking recently rebuilt relations.","Europe"
"https://www.bbc.com/worklife/article/20231126-how-ecovadis-is-holding-global-corporations-accountable","27 Nov 2023","https://ichef.bbci.co.uk/images/ic/480x270/p0hh9p7p.jpg.webp","How EcoVadis holds firms accountable","Valérie Busser-Touchon, chief impact officer of EcoVadis, enters the Executive Lounge to talk about how corporate social responsibility and business goals don't have to be at odds.","Worklife"
"https://www.bbc.com/news/world-africa-47754155","29 Mar 2019","https://ichef.bbci.co.uk/news/480/cpsprodpb/4671/production/_106233081_genericprotestorinaflaghi053112625afp.jpg.webp","Who could succeed Algeria's ailing president?","BBC Monitoring profiles some possible successors to Algeria's president, including his own brother.","Africa"
"https://www.bbc.com/news/business-67307248","3 Nov 2023","https://ichef.bbci.co.uk/news/480/cpsprodpb/10A17/production/_117091186_gettyimages-1228234168.jpg.webp","Maersk cuts 10,000 jobs as shipping demand falls","One of the world's largest export firms reported a huge drop in profits as freight costs have plunged.","Business"
"https://www.bbc.com/news/world-africa-45447888","7 Sep 2018","https://ichef.bbci.co.uk/news/480/cpsprodpb/5931/production/_103333822_e4fe6c20-f21b-42e4-bf81-0c17aa6d9c4a.jpg.webp","Top Ethiopian engineer 'took his own life'","Simegnew Bekele's death sparked a huge outcry in July as some suspected that he had been murdered.","Africa"
"https://www.bbc.com/news/world-africa-44981490","29 Jul 2018","https://ichef.bbci.co.uk/news/480/cpsprodpb/112C6/production/_102724307_e4fe6c20-f21b-42e4-bf81-0c17aa6d9c4a.jpg.webp","Why Ethiopia is grieving for 'hero' dam engineer","Simegnew Bekele came to represent the patriotic hopes for the entire nation with his project to dam the Nile.","Africa"
"https://www.bbc.com/news/business-60473233","23 Feb 2022","https://ichef.bbci.co.uk/news/480/cpsprodpb/15A58/production/_123346688_petrolpump.jpg.webp","Oil prices surge as Ukraine-Russia tensions climb","Crude oil prices rise on Ukraine crisis, prompting warnings of higher UK petrol prices.","Business"
"https://www.bbc.com/news/business-68271274","5 Mar 2024","https://ichef.bbci.co.uk/news/480/cpsprodpb/1E7C/production/_132840870_china-gettyimages-2060004753.jpg.webp","China sets ambitious economic target for 2024","The announcement comes as the ruling Communist Party tries to reinvigorate the Chinese economy.","Business"
"https://www.bbc.com/news/world-asia-63768538","27 Nov 2022","https://ichef.bbci.co.uk/news/480/cpsprodpb/1087D/production/_127790776_oppositiontaiwan.jpg.webp","Taiwan's president quits as party leader after vote","President Tsai Ing-wen resigns as head of the governing DPP after its poor showing in local elections.","Asia"
"https://www.bbc.com/news/world-asia-45217936","17 Aug 2018","https://ichef.bbci.co.uk/news/480/cpsprodpb/E318/production/_103063185_gettyimages-898372246.jpg.webp","How a coffee in LA sparked a diplomatic row","The welcome given to Taiwan's president at a bakery in LA led to calls in China for a boycott.","Asia"
"https://www.bbc.com/news/world-middle-east-51669423","28 Feb 2020","https://ichef.bbci.co.uk/news/480/cpsprodpb/CEF0/production/_111067925_9405fa61-559e-4aa8-bc7f-d1e410cb31e5.jpg.webp","Syria war: Brutal endgame in Idlib risks spilling over","A humanitarian catastrophe in Syria's province is fast becoming a geopolitical one as well.","Middle East"
"https://www.bbc.com/news/world-europe-58416848","3 Sep 2021","https://ichef.bbci.co.uk/news/480/cpsprodpb/885B/production/_120370943_gettyimages-1233447987.jpg.webp","How Europe's relationship with Joe Biden turned sour","In many EU circles, the honeymoon period for Donald Trump's successor may be coming to an end.","Europe"
"https://www.bbc.com/news/world-africa-47754155","29 Mar 2019","https://ichef.bbci.co.uk/news/480/cpsprodpb/4671/production/_106233081_genericprotestorinaflaghi053112625afp.jpg.webp","Who could succeed Algeria's ailing president?","BBC Monitoring profiles some possible successors to Algeria's president, including his own brother.","Africa"
"https://www.bbc.com/news/business-67307248","3 Nov 2023","https://ichef.bbci.co.uk/news/480/cpsprodpb/10A17/production/_117091186_gettyimages-1228234168.jpg.webp","Maersk cuts 10,000 jobs as shipping demand falls","One of the world's largest export firms reported a huge drop in profits as freight costs have plunged.","Business"
"https://www.bbc.com/news/business-68164030","1 Feb 2024","https://ichef.bbci.co.uk/news/480/cpsprodpb/11CFF/production/_128495927_shelltanker_getty.jpg.webp","Shell reports lower profits as energy prices cool","The oil giant was expected to report lower profits for last year after record earnings in 2022.","Business"
"https://www.bbc.com/news/world-68896707","30 Apr 2024","https://ichef.bbci.co.uk/news/480/cpsprodpb/E97E/production/_133247795_mining2-gettyimages-1244204066.jpg.webp","Tensions grow as China ramps up mining for green tech","China has taken big stakes in mines across the world extracting minerals vital to the green economy.","World"
"https://www.bbc.com/news/business-68825118","22 Apr 2024","https://ichef.bbci.co.uk/news/480/cpsprodpb/871E/production/_133209543_img_5858-1.png.webp","How Chinese firms are using Mexico as a backdoor to the US","Chinese firms are racing to set up factories in Mexico to bypass US tariffs and sanctions.","Business"
"https://www.bbc.com/news/science-environment-59744522","29 Dec 2021","https://ichef.bbci.co.uk/news/480/cpsprodpb/BA82/production/_122364774_gettyimages-12354187732.jpg.webp","Climate change: Storm clouds gather after COP26","Is the progress made in Glasgow in jeopardy from a rising tide of challenges in the year ahead?",""
"https://www.bbc.com/news/world-africa-65338247","20 Apr 2023","https://ichef.bbci.co.uk/news/480/cpsprodpb/3F72/production/_129424261_gettyimages-1251910688.jpg.webp","Sudan fighting: Why it matters to countries worldwide","Fighting in the north-east African nation is ringing alarm bells around the world. Why does it matter so much?",""
"https://www.bbc.com/news/world-us-canada-63908670","9 Dec 2022","https://ichef.bbci.co.uk/news/480/cpsprodpb/D069/production/_127935335_griner.jpg.webp","How the Brittney Griner prisoner swap was done","The US and Russia were willing to talk despite worsening relations - but there were limits to the deal.",""
"https://www.bbc.com/news/business-50041839","24 Oct 2019","https://ichef.bbci.co.uk/news/480/cpsprodpb/18EE/production/_109228360_gettyimages-98544397.jpg.webp","Tensions highlight the importance of global trade","High profile trade rows simply underline the value and importance to us all of global trade.",""
"https://www.bbc.com/news/world-middle-east-50011218","11 Oct 2019","https://ichef.bbci.co.uk/news/480/cpsprodpb/AB85/production/_109190934_hi057224652.jpg.webp","Iranian tanker 'attacked' off Saudi coast","A foreign ministry spokesman says the vessel was struck twice, suffering some damage.",""
"https://www.bbc.com/news/business-62078999","6 Aug 2022","https://ichef.bbci.co.uk/news/480/cpsprodpb/11501/production/_125831907_sari4.jpg.webp","Why Australia will work to build ties with Indonesia",".",""
"https://www.bbc.com/news/world-australia-56840299","22 Apr 2021","https://ichef.bbci.co.uk/news/480/cpsprodpb/B09F/production/_118151254_gettyimages-80854298.jpg.webp","Australia provokes China anger over scrapped deals","Beijing described the move to tear up the Belt and Road deals as ""unreasonable and provocative"".","Australia"
"https://www.bbc.com/news/entertainment-arts-45718140","2 Oct 2018","https://ichef.bbci.co.uk/news/480/cpsprodpb/5E99/production/_103671242_baillie1.jpg.webp","Baillie Gifford Prize announces shortlist","The six title shortlist is made up of four American and two British authors who are up for the £30,000 prize.","Entertainment & Arts"
"https://www.bbc.com/news/world-asia-china-41924228","9 Nov 2017","https://ichef.bbci.co.uk/news/480/cpsprodpb/7D80/production/_98682123_trump_crop_getty.jpg.webp","Trump strikes warmer tone with China","The US president praises China on a visit to Beijing, with no reproaches over North Korea or trade.","China"
"https://www.bbc.com/news/world-asia-17582138","3 Apr 2012","https://ichef.bbci.co.uk/images/ic/512x512/p0hq72jn.png.webp","N Korea, Burma top Asean agenda","Asean leaders are meeting in Cambodia, with North Korea's planned rocket launch, Burma's by-election and the South China Sea topping the summit agenda.","Asia"
"https://www.bbc.com/news/world-us-canada-66846608","19 Sep 2023","https://ichef.bbci.co.uk/news/480/cpsprodpb/13134/production/_131123187_gettyimages-1672540531.jpg.webp","Why unity is thin on the ground as UN meets in New York","Many of those gathering in New York will want to prioritise climate change over the war in Europe.","US & Canada"
"https://www.bbc.com/news/election-us-2020-54541907","24 Oct 2020","https://ichef.bbci.co.uk/news/480/cpsprodpb/9B41/production/_115054793_thisone.jpg.webp","Win or lose, Trump has already changed the world","From fake news to how other countries see the US - here's a look at the president's global impact.","US Election 2020"
"https://www.bbc.com/news/world-asia-20796038","20 Dec 2012","https://ichef.bbci.co.uk/images/ic/512x512/p0hq72jn.png.webp","Asian press gives Park cautious welcome","Asian papers have cautiously greeted Park Geun-hye's victory in the South Korean presidential election.","Asia"
"https://www.bbc.com/news/world-us-canada-53619287","1 Aug 2020","https://ichef.bbci.co.uk/news/480/cpsprodpb/4099/production/_113773561_76e19623-a297-472c-ade1-d958c3c7bf64.jpg.webp","Trump says he will ban TikTok in the US","US security officials fear the Chinese-owned app could be used to collect Americans' personal data.","US & Canada"
"https://www.bbc.com/sport/football/63533589","6 Nov 2022","https://ichef.bbci.co.uk/news/480/cpsprodpb/17F05/production/_127535089_63535242.jpg.webp","'Human rights are universal' - FAs respond to Fifa","Ten European football associations including England and Wales say ""human rights are universal and apply everywhere"" after Fifa asked nations competing at the Qatar World Cup to ""now focus on the football"".","Football"
"https://www.bbc.com/news/world-64891459","9 Mar 2023","https://ichef.bbci.co.uk/news/480/cpsprodpb/25C8/production/_128927690_capture.png.webp","What's the French word for bromance?","After years of tense UK-France relations, it's all smiles ahead of a key Paris summit on Friday.","World"
"https://www.bbc.com/news/world-us-canada-52012049","24 Mar 2020","https://ichef.bbci.co.uk/news/480/cpsprodpb/E61F/production/_111411985_trump_976getty.jpg.webp","What this crisis reveals about US - and its president","Nations, like individuals, reveal themselves at times of crisis. So what does this global catastrophe tell us?","US & Canada"
"https://www.bbc.com/news/world-asia-china-60242549","3 Feb 2022","https://ichef.bbci.co.uk/news/480/cpsprodpb/104F1/production/_123110866_gettyimages-1185990656.jpg.webp","What does China want from the Ukraine crisis?","As Xi and Putin prepare to meet, China says it supports Russia's concerns - but doesn't want war.","China"
"https://www.bbc.com/news/blogs-the-papers-65946512","19 Jun 2023","https://ichef.bbci.co.uk/news/480/cpsprodpb/F6CE/production/_130128136_page1.jpg.webp","'Britain's mortgage crisis' and 'guilty party'","Monday's papers focus on a looming interest rate hike to affect homeowners and the latest revelations about Partygate.","The Papers"
"https://www.bbc.com/news/business-13184951","26 Apr 2011","https://ichef.bbci.co.uk/images/ic/512x512/p0hq72jn.png.webp","Gold and silver hit record highs","The prices of gold and silver have hit new record highs, driven up by a weaker US dollar and continuing tensions in the Middle East.","Business"
"https://www.bbc.com/news/world-middle-east-57530123","29 Jun 2021","https://ichef.bbci.co.uk/news/480/cpsprodpb/9210/production/_119129373_gettyimages-143769640.jpg.webp","Landmark Israel UAE trip signals deepening ties","Yair Lapid is the first Israeli minister to visit the Gulf state since they normalised relations.","Middle East"
"https://www.bbc.com/news/world-asia-china-64673926","19 Feb 2023","https://ichef.bbci.co.uk/news/480/cpsprodpb/E6ED/production/_128671195_p0f13qp2.jpg.webp","Tense US-China meeting deepens balloon row","The row has increased the two countries' distrust and threatens to polarise the global community.","China"
"https://www.bbc.com/news/world-asia-65370413","27 Apr 2023","https://ichef.bbci.co.uk/news/480/cpsprodpb/13E3E/production/_129507418_img_3117.jpg.webp","The paradise islands caught in the US-China crosshairs","The BBC travels to far-flung Philippine islands that find themselves caught in a US-China flashpoint.","Asia"
"https://www.bbc.com/news/world-europe-54705617","27 Oct 2020","https://ichef.bbci.co.uk/news/480/cpsprodpb/F1B6/production/_115087816_mediaitem115087815.jpg.webp","Turkish lira sinks amid Erdogan fury with allies","The lira hits a record low against the dollar amid jitters over Turkish regional ambitions.","Europe"
"https://www.bbc.com/news/world-europe-59730522","20 Dec 2021","https://ichef.bbci.co.uk/news/480/cpsprodpb/E560/production/_122302785_072678431.jpg.webp","What is Vladimir Putin planning?","The BBC's Steve Rosenberg looks at what might be on the Russian leader's mind amid growing tensions.","Europe"
"https://www.bbc.com/news/world-64891459","9 Mar 2023","https://ichef.bbci.co.uk/news/480/cpsprodpb/25C8/production/_128927690_capture.png.webp","What's the French word for bromance?","After years of tense UK-France relations, it's all smiles ahead of a key Paris summit on Friday.","World"
"https://www.bbc.com/news/business-61652931","31 May 2022","https://ichef.bbci.co.uk/news/480/cpsprodpb/1913/production/_124991460_gettyimages-1240472726.jpg.webp","Russian gas firm to cut some supply to Shell","Shell says it will work to keep Europe supplied after Gazprom says it will cut flows to it and Orsted.","Business"
"https://www.bbc.com/news/business-63071930","23 Oct 2022","https://ichef.bbci.co.uk/news/480/cpsprodpb/149BA/production/_127001448_charcoal.jpg.webp","Why more Australians are giving up their pets","The cost of pet food has soared in Australia due to the pandemic and the Ukraine war.","Business"
"https://www.bbc.com/news/science-environment-50707138","9 Dec 2019","https://ichef.bbci.co.uk/news/480/cpsprodpb/16A35/production/_110052729_image-twotommy-heinrich-national-geographic-caption.jpg.webp","1.9 billion people rely on natural 'water towers'","A new study ranks the importance and vulnerability of high-mountain stores of water.","Science & Environment"
"https://www.bbc.com/news/world-europe-59470839","30 Nov 2021","https://ichef.bbci.co.uk/news/480/cpsprodpb/177C6/production/_121889169_migrantssmallreutesr.jpg.webp","Poland PM urges 'wake up' to Russia destabilisation","Mateusz Morawiecki tells the BBC that it was ""not too late to act"" before ""bad things"" happen.","Europe"
"https://www.bbc.com/news/business-63242050","13 Oct 2022","https://ichef.bbci.co.uk/news/480/cpsprodpb/8876/production/_127143943_gettyimages-1282868162.jpg.webp","Consumers urged to cut energy use this winter","Energy watchdog Ofgem will launch a campaign to cut consumption and ensure the UK has enough supplies.","Business"
"https://www.bbc.com/news/election-us-2020-54541907","24 Oct 2020","https://ichef.bbci.co.uk/news/480/cpsprodpb/9B41/production/_115054793_thisone.jpg.webp","Win or lose, Trump has already changed the world","From fake news to how other countries see the US - here's a look at the president's global impact.","US Election 2020"
"https://www.bbc.com/news/world-us-canada-52012049","24 Mar 2020","https://ichef.bbci.co.uk/news/480/cpsprodpb/E61F/production/_111411985_trump_976getty.jpg.webp","What this crisis reveals about US - and its president","Nations, like individuals, reveal themselves at times of crisis. So what does this global catastrophe tell us?","US & Canada"
"https://www.bbc.com/news/world-asia-india-52672510","18 May 2020","https://ichef.bbci.co.uk/news/480/cpsprodpb/B62E/production/_112283664_gettyimages-1212971863.jpg.webp","India sees opportunity in anti-China backlash","Delhi is keen to exploit any shift in global investment flows prompted by the coronavirus crisis.","India"
"https://www.bbc.com/news/world-asia-65333139","22 Apr 2023","https://ichef.bbci.co.uk/news/480/cpsprodpb/0187/production/_129419300_bbc_sauna_82yearold.jpg.webp","Why South Koreans want the nuclear bomb","Support for building nuclear weapons is growing in the country as tensions with the North rise.","Asia"
"https://www.bbc.com/news/world-us-canada-54270739","24 Sep 2021","https://ichef.bbci.co.uk/news/480/cpsprodpb/691C/production/_114580962_gettyimages-1170523510.jpg.webp","The PowerPoint that sparked an international row","After three years, Huawei's chief financial officer has a US extradition request against her dropped.","US & Canada"
"https://www.bbc.com/news/business-63071930","23 Oct 2022","https://ichef.bbci.co.uk/news/480/cpsprodpb/149BA/production/_127001448_charcoal.jpg.webp","Why more Australians are giving up their pets","The cost of pet food has soared in Australia due to the pandemic and the Ukraine war.","Business"
"https://www.bbc.com/news/world-europe-30197671","29 Nov 2014","https://ichef.bbci.co.uk/images/ic/512x512/p0hq72jn.png.webp","Will Moldova choose EU or Putin?","Moldova's general election takes on a geopolitical edge in the shadow of the crisis in neighbouring Ukraine.","Europe"
"https://www.bbc.com/news/world-54253408","22 Sep 2020","https://ichef.bbci.co.uk/news/480/cpsprodpb/F452/production/_114564526_trump-xi.jpg.webp","US-China tensions flare at UN General Assembly","President Trump blames China for the Covid-19 outbreak amid warnings of a Cold War between the two.","World"
"https://www.bbc.com/news/world-asia-42574423","5 Jan 2018","https://ichef.bbci.co.uk/news/480/cpsprodpb/347D/production/_99473431_mediaitem99473430.jpg.webp","Korea talks: Finally, a bit of optimism","Optimism over North Korean participation in the Winter Games may not last, writes Ankit Panda.","Asia"
"https://www.bbc.com/news/business-50047929","15 Oct 2019","https://ichef.bbci.co.uk/news/480/cpsprodpb/D205/production/_106356735_uktrade_getty.jpg.webp","World growth 'slowest since financial crisis'","The International Monetary Fund warns against ""policy mistakes"" such as tariffs and a no-deal Brexit.","Business"
"https://www.bbc.com/news/world-asia-india-59515741","6 Dec 2021","https://ichef.bbci.co.uk/news/480/cpsprodpb/140BC/production/_121980128_gettyimages-1236037539-594x594.jpg.webp","What Putin's India visit means for world politics","Russia and India ties are facing challenges from fast-changing geopolitics in Asia and beyond.","India"
"https://www.bbc.com/news/business-65098792","14 Apr 2023","https://ichef.bbci.co.uk/news/480/cpsprodpb/E43C/production/_129182485_bergrumrickard2-credit-mlarenergi.jpg.webp","The plan to make a giant hot water bottle underground","Hot water can be stored underground and the heat used when needed to keep buildings warm.","Business"
"https://www.bbc.com/news/world-asia-india-64781836","1 Mar 2023","https://ichef.bbci.co.uk/news/480/cpsprodpb/F67C/production/_128800136_gettyimages-842384054.jpg.webp","Ukraine war casts shadow over India's G20 ambitions","Can India navigate tensions and secure any agreements as a divided G20 meets in Delhi?","India"
"https://www.bbc.com/news/world-europe-66525148","16 Aug 2023","https://ichef.bbci.co.uk/news/480/cpsprodpb/DF67/production/_130819175_mediaitem130819171.jpg.webp","Lithuania closes two Belarus border crossings","The closures come amid rising concern over the presence of Wagner mercenary fighters in Belarus.","Europe"
"https://www.bbc.com/news/business-60374581","14 Feb 2022","https://ichef.bbci.co.uk/news/480/cpsprodpb/F343/production/_118457226_marketsimage2_getty.jpg.webp","Stock markets hit by Ukraine invasion fears","Share prices fall across Europe, but losses are lower in the US amid hopes of a deal with Russia.","Business"
"https://www.bbc.com/news/uk-65946924","19 Jun 2023","https://ichef.bbci.co.uk/news/480/cpsprodpb/F6CE/production/_130128136_page1.jpg.webp","'Britain's mortgage crisis' and 'guilty party'","DIGIONLY",""
"https://www.bbc.com/news/world-europe-60220422","2 Feb 2022","https://ichef.bbci.co.uk/news/480/cpsprodpb/1747E/production/_123085359_mediaitem123085358.jpg.webp","Ukrainians train for war as invasion fears grow","Many civilians are not convinced Russia will invade, but say all the war talk is unsettling.","Europe"
"https://www.bbc.com/news/world-asia-64494244","2 Feb 2023","https://ichef.bbci.co.uk/news/480/cpsprodpb/B12F/production/_128495354_fn6vipwagaaaxko.png.webp","US reopens Pacific embassy in push to counter China","Washington says the Solomon Islands post - back after a 30-year absence - is a crucial engagement.","Asia"
"https://www.bbc.com/news/technology-53398487","14 Jul 2020","https://ichef.bbci.co.uk/news/480/cpsprodpb/12D0/production/_113361840_hface.jpg.webp","UK prepares to change course on Huawei","UK government is set to announce the Chinese firm is to be excluded from the country's 5G networks.","Technology"
"https://www.bbc.com/news/world-58396698","9 Sep 2021","https://ichef.bbci.co.uk/news/480/cpsprodpb/4076/production/_120820561_2_alt_hs_1920-nc.png.webp","‘Havana syndrome’ and the mystery of the microwaves","The BBC investigates a mystery illness dubbed ""Havana syndrome"" that has affected American diplomats and spies.","World"
"https://www.bbc.com/news/uk-politics-48853721","18 Jul 2019","https://ichef.bbci.co.uk/news/480/cpsprodpb/156DE/production/_107747778_976549gettyimages-1150620879.jpg.webp","Six foreign policy issues the UK's new PM will face","The new prime minister will have his diplomatic work cut out - and that's on top of trying to sort out Brexit.","UK Politics"
"https://www.bbc.com/news/world-europe-54705617","27 Oct 2020","https://ichef.bbci.co.uk/news/480/cpsprodpb/F1B6/production/_115087816_mediaitem115087815.jpg.webp","Turkish lira sinks amid Erdogan fury with allies","The lira hits a record low against the dollar amid jitters over Turkish regional ambitions.","Europe"
"https://www.bbc.com/news/world-europe-59473071","1 Dec 2021","https://ichef.bbci.co.uk/news/480/cpsprodpb/149BB/production/_121911448_bridge.jpg.webp","EU launches €300bn global bid to challenge China","The Global Gateway infrastructure plan is described as a true alternative to Chinese influence.","Europe"
"https://www.bbc.com/news/world-asia-62404697","3 Aug 2022","https://ichef.bbci.co.uk/news/480/cpsprodpb/CBA0/production/_126182125_p0cqqsrd.jpg.webp","Pelosi in Taiwan: Democracy a source of strength","The US speaker met with Taiwan's President Tsai Ing-wen in Taipei despite sharp warnings from China.","Asia"
"https://www.bbc.com/news/world-50974609","3 Jan 2020","https://ichef.bbci.co.uk/news/480/cpsprodpb/14FA7/production/_110372958_thegeopoliticsofenergytopimage.png.webp","How the end of oil could destabilise geopolitics","As the world moves from fossil fuels to renewables, political and economic dangers may lie ahead.","World"
"https://www.bbc.com/news/world-us-canada-60252837","5 Feb 2022","https://ichef.bbci.co.uk/news/480/cpsprodpb/14AD/production/_123139250_biden_getty.jpg.webp","What's at stake for Biden in Ukraine?","The US president's core foreign policy principle is being tested - and China will be watching closely.","US & Canada"
"https://www.bbc.com/news/world-54253408","22 Sep 2020","https://ichef.bbci.co.uk/news/480/cpsprodpb/F452/production/_114564526_trump-xi.jpg.webp","US-China tensions flare at UN General Assembly","President Trump blames China for the Covid-19 outbreak amid warnings of a Cold War between the two.","World"
"https://www.bbc.com/news/world-59646231","14 Dec 2021","https://ichef.bbci.co.uk/news/480/cpsprodpb/FA76/production/_122081146_gettyimages-1237158368.jpg.webp","Does the diplomatic boycott of Beijing 2022 matter?","The Winter Olympics have been hit by a flurry of protests from governments in the West.","World"
"https://www.bbc.com/news/world-middle-east-59035123","27 Oct 2021","https://ichef.bbci.co.uk/news/480/cpsprodpb/C62C/production/_121223705_mediaitem121218056.jpg.webp","Beirut violence fuels fears of return to civil war","A deadly flare-up shows how Lebanon's festering tensions could spiral into all-out conflict again.","Middle East"
"https://www.bbc.com/news/world-europe-59878710","6 Jan 2022","https://ichef.bbci.co.uk/news/480/cpsprodpb/80E8/production/_122600033_separatists.jpg.webp","EU looks for role in Russian row with West","Tensions flare over eastern Ukraine and European leaders fear being frozen out of US-Russia talks.","Europe"
"https://www.bbc.com/news/uk-wales-61587091","26 May 2022","https://ichef.bbci.co.uk/news/480/cpsprodpb/8909/production/_124918053_de27.jpg.webp","Welsh plant critical to microchip shortage - boss","IQE is in talks with the Welsh and UK governments over expanding its Newport factory.","Wales"
"https://www.bbc.com/news/world-asia-india-54655947","27 Oct 2020","https://ichef.bbci.co.uk/news/480/cpsprodpb/CF4C/production/_115086035_gettyimages-1229301156.jpg.webp","India and US sign crucial defence deal","Stronger India-US ties are aimed at countering China's influence in the region, experts say.","India"
"https://www.bbc.com/news/uk-politics-45419252","5 Sep 2018","https://ichef.bbci.co.uk/news/480/cpsprodpb/9920/production/_103300293_54a46771-3115-438e-b9be-f2aa89c695a7.jpg.webp","Labour's message to anti-Semitism critics","Labour adopts a full international definition - but critics aren't happy extra wording was added.","UK Politics"
"https://www.bbc.com/sport/winter-olympics/60298488","8 Feb 2022","https://ichef.bbci.co.uk/news/480/cpsprodpb/6DE9/production/_123173182_mediaitem123173181.jpg.webp","'Snow Princess' Gu delivers stunning gold for China","China's Eileen Gu produces a spectacular final jump to win gold in the ski big air at the Beijing Winter Olympics.","Winter Olympics"
"https://www.bbc.com/news/world-us-canada-66236989","19 Jul 2023","https://ichef.bbci.co.uk/news/480/cpsprodpb/1446B/production/_130415038_fab5a449379586e9c9050faa2f65d323716121370_0_3500_21681000x619.jpg.webp","What happens to US citizens detained in North Korea","Americans arrested in the communist state have included tourists, a teacher and a Christian missionary.","US & Canada"
"https://www.bbc.com/news/world-asia-india-59515741","6 Dec 2021","https://ichef.bbci.co.uk/news/480/cpsprodpb/140BC/production/_121980128_gettyimages-1236037539-594x594.jpg.webp","What Putin's India visit means for world politics","Russia and India ties are facing challenges from fast-changing geopolitics in Asia and beyond.","India"
"https://www.bbc.com/news/business-65098792","14 Apr 2023","https://ichef.bbci.co.uk/news/480/cpsprodpb/E43C/production/_129182485_bergrumrickard2-credit-mlarenergi.jpg.webp","The plan to make a giant hot water bottle underground","Hot water can be stored underground and the heat used when needed to keep buildings warm.","Business"
"https://www.bbc.com/news/world-asia-india-68613351","21 Mar 2024","https://ichef.bbci.co.uk/news/480/cpsprodpb/0C23/production/_132970130_gettyimages-1453601377.jpg.webp","India in undersea race to mine world’s battery metal","The country has applied for two new licences to explore the deep seabed in parts of the Indian Ocean.","India"
"https://www.bbc.com/news/world-europe-15047823","17 Mar 2024","https://ichef.bbci.co.uk/news/480/cpsprodpb/20BE/production/_132928380_gettyimages-2071909768.jpg.webp","Putin: From Russia's KGB to a presidency defined by war","Vladimir Putin has been in power since 2000, longer than any Kremlin leader since Joseph Stalin.","Europe"
"https://www.bbc.com/news/world-us-canada-52824839","27 May 2020","https://ichef.bbci.co.uk/news/480/cpsprodpb/2FA0/production/_112529121_mediaitem112529120.jpg.webp","HK 'no longer autonomous from China' - Pompeo","The US secretary of state says the territory no longer merits special treatment under US laws.","US & Canada"
"https://www.bbc.com/news/entertainment-arts-68457690","3 Mar 2024","https://ichef.bbci.co.uk/news/480/cpsprodpb/9D7F/production/_132791304_87c9b79f-2203-44aa-b399-36c486f4e430.jpg.webp","How Israel-Gaza war is spilling into cultural life","From Charlotte Church to Boy George, the conflict is affecting UK culture in new ways - and old.","Entertainment & Arts"
"https://www.bbc.com/news/world-europe-68334715","19 Feb 2024","https://ichef.bbci.co.uk/news/480/cpsprodpb/D17C/production/_132682635_54f89f2fd01bbaeecd8a37e32cb01dea87e95ca8-1.jpg.webp","'Lose-lose' anxiety marks global security talks in Munich","The conflicts in Gaza and Ukraine underline deepening geopolitical tensions and economic uncertainties.","Europe"
"https://www.bbc.com/news/business-68812949","15 Apr 2024","https://ichef.bbci.co.uk/news/480/cpsprodpb/BAE5/production/_133154874_oiltanker_gettyimages-185097199.jpg.webp","Oil prices dip after Iran attack on Israel","Prices had already risen in expectation of action, with Brent crude near a six-month high last week.","Business"
"https://www.bbc.com/news/business-68357528","26 Feb 2024","https://ichef.bbci.co.uk/news/480/cpsprodpb/D66A/production/_132709845_gettyimages-1243910386.jpg.webp","Will global energy prices fall this year?","Electricity, gas and oil prices all face numerous pressures over the next 12 months.","Business"
"https://www.bbc.com/news/world-asia-pacific-16340072","26 Feb 2024","https://ichef.bbci.co.uk/news/480/cpsprodpb/17F9D/production/_131550289_bbcm_tuvalu_country_profile_191023.png.webp","Tuvalu country profile","Provides an overview of Tuvalu, including key dates and facts about this Pacific island nation.","Asia"
"https://www.bbc.com/news/world-middle-east-65010185","20 Mar 2023","https://ichef.bbci.co.uk/news/480/cpsprodpb/267D/production/_129035890_62b1d2e0d1231a7ca051dbe80d8bd083be3740f0.jpg.webp","Iran says president invited to visit Saudi Arabia","The visit - not yet confirmed by Riyadh - would build on a thaw in tensions, brokered by China.","Middle East"
"https://www.bbc.com/news/business-68838063","18 Apr 2024","https://ichef.bbci.co.uk/news/480/cpsprodpb/9B89/production/_133171893_gettyimages-1238046252.jpg.webp","Biden calls for tripling tariffs on Chinese metals","It is the latest protectionist policy to be embraced by the White House in an election year.","Business"
"https://www.bbc.com/future/article/20200116-what-happens-when-you-have-no-word-for-dinosaur","17 Jan 2020","https://ichef.bbci.co.uk/images/ic/480x270/p080n39m.jpg.webp","The people with no word for dinosaur","English is the world’s dominant scientific language, yet it has no word for the distinctive smell of cockroaches. What happens though, if you have no words for basic scientific terms?","Future"
"https://www.bbc.com/worklife/article/20161101-the-high-cost-of-avoiding-the-draft","3 Nov 2016","https://ichef.bbci.co.uk/images/ic/480x270/p04dw9ww.jpg.webp","The high cost of avoiding the draft","Global tensions are leading some countries to reconsider conscription. But while it can be a career boost for some, for others it’s to be avoided at all costs","Worklife"
"https://www.bbc.com/news/world-europe-66852070","28 Sep 2023","https://ichef.bbci.co.uk/news/480/cpsprodpb/0426/production/_131126010_nagornocar.jpg.webp","Explained: The conflict in Nagorno-Karabakh","The region is at the heart of a long-running conflict between ethnic Armenians and Azerbaijanis.","Europe"
"https://www.bbc.com/news/blogs-trending-38804499","7 Feb 2017","https://ichef.bbci.co.uk/news/480/cpsprodpb/3782/production/_94001241_722c6f8d-95fb-40b3-9faf-56b52cd821ae.jpg.webp","The blogger jailed for visiting a country that 'doesn't exist'","The story of how a popular Russian-Israeli travel blogger ended up in a Belarusian jail.","BBC Trending"
"https://www.bbc.com/news/business-68135054","30 Jan 2024","https://ichef.bbci.co.uk/news/480/cpsprodpb/98A7/production/_132497093_tea.jpg.webp","Lower cost of tea eases January price rises","Discounts during the January sales and a cheaper cup of tea helped slow the rate of price rises.","Business"
"https://www.bbc.com/news/business-68812949","15 Apr 2024","https://ichef.bbci.co.uk/news/480/cpsprodpb/BAE5/production/_133154874_oiltanker_gettyimages-185097199.jpg.webp","Oil prices dip after Iran attack on Israel","Prices had already risen in expectation of action, with Brent crude near a six-month high last week.","Business"
"https://www.bbc.com/culture/article/20220526-borgen-the-greatest-political-drama-ever","30 May 2022","https://ichef.bbci.co.uk/images/ic/480x270/p0c99nk8.jpg.webp","The greatest political drama ever","The Danish TV series Borgen strikes the perfect balance between idealism and cynicism, writes Caryn James; few shows have ""depicted politics so authentically"".","Culture"
"https://www.bbc.com/culture/article/20181015-what-dogs-have-to-do-with-geopolitical-tensions","15 Oct 2018","https://ichef.bbci.co.uk/images/ic/480x270/p06nxy6w.jpg.webp","Around the world in 80 words","A new book explores language coined across the globe. Christine Ro goes on an armchair adventure to find out the origins of place-based words in English.","Culture"
"https://www.bbc.com/culture/article/20190124-seven-words-that-can-help-us-to-be-a-little-calmer","25 Jan 2019","https://ichef.bbci.co.uk/images/ic/480x270/p06z03ql.jpg.webp","Seven Japanese words to live by","A new book translates 43 different Japanese words into English, introducing ideas that can help people in the West live differently. We’ve picked out seven of the most poignant.","Culture"
"https://www.bbc.com/news/world-africa-67199490","23 Oct 2023","https://ichef.bbci.co.uk/news/480/cpsprodpb/4E8F/production/_131511102_jebelaliport.jpg.webp","The Middle East giant taking over Africa's ports","UAE maritime giant DP World signs a controversial deal to manage Tanzania's main port for 30 years.","Africa"
"https://www.bbc.com/news/world-europe-49553654","2 Sep 2019","https://ichef.bbci.co.uk/news/480/cpsprodpb/3226/production/_108583821_tuskbarnierafp27mar19.jpg.webp","Brexit: EU studies backstop while watching MPs in uproar","Brexit tensions mount in Brussels - but no real negotiations are taking place, Katya Adler writes.","Europe"
"https://www.bbc.com/culture/article/20200122-no-fathers-in-kashmir-the-men-who-disappeared","22 Jan 2020","https://ichef.bbci.co.uk/images/ic/480x270/p0811nxf.jpg.webp","The mystery of the men who disappeared","A new film tells a love story between two teenagers whose fathers are both missing – in one of the most militarised places on Earth, writes Rahul Verma.","Culture"
"https://www.bbc.com/culture/article/20210913-what-the-future-of-bond-movies-could-look-like","14 Sep 2021","https://ichef.bbci.co.uk/images/ic/480x270/p09vvqpp.jpg.webp","What Bond's next era will look like","The new James Bond film No Time To Die will be Daniel Craig's last – ushering in a new era for the franchise. But what changes can fans of the super-spy series expect, asks Al Horner.","Culture"
"https://www.bbc.com/worklife/article/20161101-the-high-cost-of-avoiding-the-draft","3 Nov 2016","https://ichef.bbci.co.uk/images/ic/480x270/p04dw9ww.jpg.webp","The high cost of avoiding the draft","Global tensions are leading some countries to reconsider conscription. But while it can be a career boost for some, for others it’s to be avoided at all costs","Worklife"
"https://www.bbc.com/news/world-europe-66852070","28 Sep 2023","https://ichef.bbci.co.uk/news/480/cpsprodpb/0426/production/_131126010_nagornocar.jpg.webp","Explained: The conflict in Nagorno-Karabakh","The region is at the heart of a long-running conflict between ethnic Armenians and Azerbaijanis.","Europe"
"https://www.bbc.com/news/blogs-trending-38804499","7 Feb 2017","https://ichef.bbci.co.uk/news/480/cpsprodpb/3782/production/_94001241_722c6f8d-95fb-40b3-9faf-56b52cd821ae.jpg.webp","The blogger jailed for visiting a country that 'doesn't exist'","The story of how a popular Russian-Israeli travel blogger ended up in a Belarusian jail.","BBC Trending"
"https://www.bbc.com/news/business-68135054","30 Jan 2024","https://ichef.bbci.co.uk/news/480/cpsprodpb/98A7/production/_132497093_tea.jpg.webp","Lower cost of tea eases January price rises","Discounts during the January sales and a cheaper cup of tea helped slow the rate of price rises.","Business"
"https://www.bbc.com/news/world-asia-67990948","16 Jan 2024","https://ichef.bbci.co.uk/news/480/cpsprodpb/E13F/production/_132336675_3d92884d08ac9411b4981f7e02bca56d663498770_197_4216_23712000x1125.jpg.webp","N Korea's Kim abandons unification goal with South","Kim Jong Un rules out any chance of unification and scraps agencies focused on relations with the South.","Asia"
"https://www.bbc.com/news/world-asia-63739622","26 Nov 2022","https://ichef.bbci.co.uk/news/480/cpsprodpb/E5E9/production/_127775885_gettyimages-1244501354.jpg.webp","Taiwan votes in local elections amid China tensions","Taiwan has increasingly become a key geopolitical flashpoint between China and the US.","Asia"
"https://www.bbc.com/news/world-us-canada-62310576","27 Jul 2022","https://ichef.bbci.co.uk/news/480/cpsprodpb/EEF7/production/_126057116_gettyimages-522835514.jpg.webp","China vows consequences if Pelosi visits Taiwan","The Chinese military says it will not sit idly by if the US Speaker visits the self-governing island.","US & Canada"
"https://www.bbc.com/news/world-asia-54655277","28 Oct 2020","https://ichef.bbci.co.uk/news/480/cpsprodpb/12669/production/_115096357_hi063560902.jpg.webp","The Taiwan-sized problem for the next US president","China's ambition to retake Taiwan - possibly by force - could become a major flashpoint with the US.","Asia"
"https://www.bbc.com/news/world-asia-66932808","28 Sep 2023","https://ichef.bbci.co.uk/news/480/cpsprodpb/92A1/production/_131273573_gettyimages-1694415331.jpg.webp","Taiwan unveils new submarine to fend off China","Named after a mythical massive fish, the Haikun is Taiwan's first domestically made submarine.","Asia"
"https://www.bbc.com/news/business-68838063","18 Apr 2024","https://ichef.bbci.co.uk/news/480/cpsprodpb/9B89/production/_133171893_gettyimages-1238046252.jpg.webp","Biden calls for tripling tariffs on Chinese metals","It is the latest protectionist policy to be embraced by the White House in an election year.","Business"
"https://www.bbc.com/news/world-europe-17839672","25 Mar 2024","https://ichef.bbci.co.uk/news/480/cpsprodpb/693D/production/_128214962_bbcm_russia_country_profile_with-flag_050123.jpg.webp","Russia country profile","Provides an overview of Russia, including key events and facts about this major world power.","Europe"
"https://www.bbc.com/news/business-16728942","25 Jan 2012","https://ichef.bbci.co.uk/images/ic/512x512/p0hq72jn.png.webp","IMF warns of Iran oil shock risk","The International Monetary Fund warns of a possible 20-30% spike in oil prices if Iranian exports are disrupted.","Business"
"https://www.bbc.com/news/world-asia-68137582","18 Feb 2024","https://ichef.bbci.co.uk/news/480/cpsprodpb/D8AA/production/_132666455_alkonis_blurred.jpg.webp","Case of US sailor stirs unease over Japan military ties","The early release of Ridge Alkonis, who killed two in a car accident, stirs unease over US-Japan relations.","Asia"
"https://www.bbc.com/news/business-66187743","13 Jul 2023","https://ichef.bbci.co.uk/news/480/cpsprodpb/44C7/production/_130370671_debt-index-getty.jpg.webp","Warning public debt could soar as population ages","Debt could rise to more than 300% of the size of the economy by 2070, the government's forecaster says.","Business"
"https://www.bbc.com/news/world-asia-india-66956827","29 Sep 2023","https://ichef.bbci.co.uk/news/480/cpsprodpb/13E7C/production/_131223518_881bee830c6a453a637ca4ea776e7ebc5c887275.jpg.webp","Trudeau says Canada-India ties important despite row","His remarks come in the wake of Canada's detriorating diplomatic relations with India.","India"
"https://www.bbc.com/news/world-us-canada-60607784","3 Mar 2022","https://ichef.bbci.co.uk/news/480/cpsprodpb/27E2/production/_123501201_gettyimages-109026037.jpg.webp","F-35C fighter jet recovered from South China Sea","The $100m (£74m) jet sank in the South China Sea in January after crashing off an aircraft carrier.","US & Canada"
"https://www.bbc.com/future/article/20170922-tapping-h20-from-thin-air-could-solve-looming-water-crises","22 Sep 2017","https://ichef.bbci.co.uk/images/ic/480x270/p05gw5ct.jpg.webp","Could we tap water from thin air?","Our bodies need water for survival, and nations need it to avoid war. The good news is that there’s a new source – the atmosphere.","Future"
"https://www.bbc.com/future/article/20221117-how-borders-might-change-to-cope-with-climate-migration","18 Nov 2022","https://ichef.bbci.co.uk/images/ic/480x270/p0dgv668.jpg.webp","Do we need a world without borders?","With up to three billion people expected to be displaced by climate change by 2100, does there need to be a shift in the way we think about national borders, asks Gaia Vince?","Future"
"https://www.bbc.com/future/article/20170713-what-will-the-challenges-of-2050-be","13 Jul 2017","https://ichef.bbci.co.uk/images/ic/480x270/p058jlzf.jpg.webp","10 grand challenges we'll face by 2050","Editing genes, ageing populations, rising sea levels… the world is moving faster than ever. What will those trends mean for our society over the next 30 years?","Future"
"https://www.bbc.com/future/article/20170615-why-hydro-politics-will-shape-the-21st-century","16 Jun 2017","https://ichef.bbci.co.uk/images/ic/480x270/p0560q9z.jpg.webp","The most vital resource of the century?","It's been called the 'next oil'. In the coming decades, the supply of water has the potential to influence geopolitics, diplomacy and even conflict.","Future"
"https://www.bbc.com/future/article/20200722-the-rush-to-claim-an-undersea-mountain-range","23 Jul 2020","https://ichef.bbci.co.uk/images/ic/480x270/p08lht3y.jpg.webp","The clash of nations under the ice","Beneath the frozen wastes of the Arctic, a three-way geopolitical tug-of-war is taking place over which country owns a ridge of undersea mountains. The winner will change maps forever.","Future"
"https://www.bbc.com/culture/article/20230329-why-tetris-is-the-perfect-video-game","30 Mar 2023","https://ichef.bbci.co.uk/images/ic/480x270/p0fcpgzw.jpg.webp","The Cold War battle over Tetris","With a new Apple TV+ film focusing on the puzzle game's 1980s origin story, Thomas Hobbs asks the experts why Tetris has retained such enormous popularity, nearly 40 years on.","Culture"
"https://www.bbc.com/news/business-66187743","13 Jul 2023","https://ichef.bbci.co.uk/news/480/cpsprodpb/44C7/production/_130370671_debt-index-getty.jpg.webp","Warning public debt could soar as population ages","Debt could rise to more than 300% of the size of the economy by 2070, the government's forecaster says.","Business"
"https://www.bbc.com/news/business-67262339","1 Nov 2023","https://ichef.bbci.co.uk/news/480/cpsprodpb/15DD6/production/_131585598_gettyimages-131156644.jpg.webp","The flashing warning sign that is worrying investors","Government borrowing costs are soaring again, raising concerns about the economy.","Business"
"https://www.bbc.com/news/business-16728942","25 Jan 2012","https://ichef.bbci.co.uk/images/ic/512x512/p0hq72jn.png.webp","IMF warns of Iran oil shock risk","The International Monetary Fund warns of a possible 20-30% spike in oil prices if Iranian exports are disrupted.","Business"
"https://www.bbc.com/news/business-60199024","1 Feb 2022","https://ichef.bbci.co.uk/news/480/cpsprodpb/12332/production/_123064547_gettyimages-1270299771.jpg.webp","How people may get help to pay high energy bills","With higher bills set to climb even higher, what are the government's options for softening the blow?","Business"
"https://www.bbc.com/news/business-60112068","30 Jan 2022","https://ichef.bbci.co.uk/news/480/cpsprodpb/51BF/production/_122972902_gettyimages-538536811.jpg.webp","How other countries are dealing with the energy crisis","From cash handouts to price caps, other countries are using a variety of measures to combat soaring gas prices.","Business"